"url","gsc_category","live_http_status","canonical_or_target","incoming_links","clicks_from_home","content_status","action_taken","remaining_reason"
"http://businessflights.travel/","Page with redirect","308","https://businessflights.travel/","","","n/a","none - intentional","Vercel domain/SSL config, not app code"
"https://businessflights.travel/","Page with redirect","308","https://www.businessflights.travel/","","","n/a","none - intentional","Vercel domain/SSL config, not app code"
"https://www.businessflights.travel/flights?to=MEL","Alternative page with proper canonical","200","https://www.businessflights.travel/flights","","","n/a","none - intentional prefill URL","n/a - Google correctly excludes it"
"https://www.businessflights.travel/flights?to=GRU","Alternative page with proper canonical","200","https://www.businessflights.travel/flights","","","n/a","none - intentional prefill URL","n/a - Google correctly excludes it"
"https://www.businessflights.travel/twitter-image?f1f91c1551256e83","Crawled - currently not indexed","200","content-type: image/png","","","n/a","none - it's a PNG image endpoint","n/a - not an HTML page"
"https://www.businessflights.travel/blog/business-class-baggage-allowance-explained","Discovered - currently not indexed","200","https://www.businessflights.travel/blog/business-class-baggage-allowance-explained","4","2","no technical or content defect found","none needed","awaiting Google crawl (technically indexable, in sitemap, linked)"
"https://www.businessflights.travel/blog/business-class-flights-to-japan","Discovered - currently not indexed","200","https://www.businessflights.travel/blog/business-class-flights-to-japan","5","2","no technical or content defect found","none needed","awaiting Google crawl (technically indexable, in sitemap, linked)"
"https://www.businessflights.travel/blog/business-class-suites-vs-traditional-seats","Discovered - currently not indexed","200","https://www.businessflights.travel/blog/business-class-suites-vs-traditional-seats","5","2","no technical or content defect found","none needed","awaiting Google crawl (technically indexable, in sitemap, linked)"
"https://www.businessflights.travel/flights","Discovered - currently not indexed","200","https://www.businessflights.travel/flights","217","1","no technical or content defect found","none needed","awaiting Google crawl (technically indexable, in sitemap, linked)"
"https://www.businessflights.travel/privacy-policy","Discovered - currently not indexed","200","https://www.businessflights.travel/privacy-policy","217","1","no technical or content defect found","none needed","awaiting Google crawl (technically indexable, in sitemap, linked)"
"https://www.businessflights.travel/destinations/africa/angola/luanda","Discovered - currently not indexed","200","https://www.businessflights.travel/destinations/africa/angola/luanda","3","2","no technical or content defect found","internal linking redistributed (this pass); flyingFromUS/businessTravel deduped where applicable (this pass)","awaiting Google crawl (technically indexable, in sitemap, linked)"
"https://www.businessflights.travel/destinations/africa/egypt/sharm-el-sheikh","Discovered - currently not indexed","200","https://www.businessflights.travel/destinations/africa/egypt/sharm-el-sheikh","5","2","no technical or content defect found","internal linking redistributed (this pass); flyingFromUS/businessTravel deduped where applicable (this pass)","awaiting Google crawl (technically indexable, in sitemap, linked)"
"https://www.businessflights.travel/destinations/africa/ivory-coast/abidjan","Discovered - currently not indexed","200","https://www.businessflights.travel/destinations/africa/ivory-coast/abidjan","5","2","no technical or content defect found","internal linking redistributed (this pass); flyingFromUS/businessTravel deduped where applicable (this pass)","awaiting Google crawl (technically indexable, in sitemap, linked)"
"https://www.businessflights.travel/destinations/africa/nigeria/abuja","Discovered - currently not indexed","200","https://www.businessflights.travel/destinations/africa/nigeria/abuja","6","2","no technical or content defect found","internal linking redistributed (this pass); flyingFromUS/businessTravel deduped where applicable (this pass)","awaiting Google crawl (technically indexable, in sitemap, linked)"
"https://www.businessflights.travel/destinations/africa/nigeria/lagos","Discovered - currently not indexed","200","https://www.businessflights.travel/destinations/africa/nigeria/lagos","5","2","no technical or content defect found","internal linking redistributed (this pass); flyingFromUS/businessTravel deduped where applicable (this pass)","awaiting Google crawl (technically indexable, in sitemap, linked)"
"https://www.businessflights.travel/destinations/africa/senegal/dakar","Discovered - currently not indexed","200","https://www.businessflights.travel/destinations/africa/senegal/dakar","5","2","no technical or content defect found","internal linking redistributed (this pass); flyingFromUS/businessTravel deduped where applicable (this pass)","awaiting Google crawl (technically indexable, in sitemap, linked)"
"https://www.businessflights.travel/destinations/africa/south-africa/durban","Discovered - currently not indexed","200","https://www.businessflights.travel/destinations/africa/south-africa/durban","6","2","no technical or content defect found","internal linking redistributed (this pass); flyingFromUS/businessTravel deduped where applicable (this pass)","awaiting Google crawl (technically indexable, in sitemap, linked)"
"https://www.businessflights.travel/destinations/africa/uganda/entebbe","Discovered - currently not indexed","200","https://www.businessflights.travel/destinations/africa/uganda/entebbe","5","2","no technical or content defect found","internal linking redistributed (this pass); flyingFromUS/businessTravel deduped where applicable (this pass)","awaiting Google crawl (technically indexable, in sitemap, linked)"
"https://www.businessflights.travel/destinations/asia/bangladesh/dhaka","Discovered - currently not indexed","200","https://www.businessflights.travel/destinations/asia/bangladesh/dhaka","4","2","no technical or content defect found","internal linking redistributed (this pass); flyingFromUS/businessTravel deduped where applicable (this pass)","awaiting Google crawl (technically indexable, in sitemap, linked)"
"https://www.businessflights.travel/destinations/asia/china/guangzhou","Discovered - currently not indexed","200","https://www.businessflights.travel/destinations/asia/china/guangzhou","5","2","no technical or content defect found","internal linking redistributed (this pass); flyingFromUS/businessTravel deduped where applicable (this pass)","awaiting Google crawl (technically indexable, in sitemap, linked)"
"https://www.businessflights.travel/destinations/asia/china/nanjing","Discovered - currently not indexed","200","https://www.businessflights.travel/destinations/asia/china/nanjing","4","2","no technical or content defect found","internal linking redistributed (this pass); flyingFromUS/businessTravel deduped where applicable (this pass)","awaiting Google crawl (technically indexable, in sitemap, linked)"
"https://www.businessflights.travel/destinations/asia/china/wuhan","Discovered - currently not indexed","200","https://www.businessflights.travel/destinations/asia/china/wuhan","5","2","no technical or content defect found","internal linking redistributed (this pass); flyingFromUS/businessTravel deduped where applicable (this pass)","awaiting Google crawl (technically indexable, in sitemap, linked)"
"https://www.businessflights.travel/destinations/asia/india/chennai","Discovered - currently not indexed","200","https://www.businessflights.travel/destinations/asia/india/chennai","4","2","no technical or content defect found","internal linking redistributed (this pass); flyingFromUS/businessTravel deduped where applicable (this pass)","awaiting Google crawl (technically indexable, in sitemap, linked)"
"https://www.businessflights.travel/destinations/asia/india/delhi","Discovered - currently not indexed","200","https://www.businessflights.travel/destinations/asia/india/delhi","5","2","no technical or content defect found","internal linking redistributed (this pass); flyingFromUS/businessTravel deduped where applicable (this pass)","awaiting Google crawl (technically indexable, in sitemap, linked)"
"https://www.businessflights.travel/destinations/asia/india/kolkata","Discovered - currently not indexed","200","https://www.businessflights.travel/destinations/asia/india/kolkata","5","2","no technical or content defect found","internal linking redistributed (this pass); flyingFromUS/businessTravel deduped where applicable (this pass)","awaiting Google crawl (technically indexable, in sitemap, linked)"
"https://www.businessflights.travel/destinations/asia/india/mumbai","Discovered - currently not indexed","200","https://www.businessflights.travel/destinations/asia/india/mumbai","5","2","no technical or content defect found","internal linking redistributed (this pass); flyingFromUS/businessTravel deduped where applicable (this pass)","awaiting Google crawl (technically indexable, in sitemap, linked)"
"https://www.businessflights.travel/destinations/asia/indonesia/bali","Discovered - currently not indexed","200","https://www.businessflights.travel/destinations/asia/indonesia/bali","6","2","no technical or content defect found","internal linking redistributed (this pass); flyingFromUS/businessTravel deduped where applicable (this pass)","awaiting Google crawl (technically indexable, in sitemap, linked)"
"https://www.businessflights.travel/destinations/asia/japan/fukuoka","Discovered - currently not indexed","200","https://www.businessflights.travel/destinations/asia/japan/fukuoka","5","2","no technical or content defect found","internal linking redistributed (this pass); flyingFromUS/businessTravel deduped where applicable (this pass)","awaiting Google crawl (technically indexable, in sitemap, linked)"
"https://www.businessflights.travel/destinations/asia/japan/osaka","Discovered - currently not indexed","200","https://www.businessflights.travel/destinations/asia/japan/osaka","5","2","no technical or content defect found","internal linking redistributed (this pass); flyingFromUS/businessTravel deduped where applicable (this pass)","awaiting Google crawl (technically indexable, in sitemap, linked)"
"https://www.businessflights.travel/destinations/asia/nepal/kathmandu","Discovered - currently not indexed","200","https://www.businessflights.travel/destinations/asia/nepal/kathmandu","5","2","no technical or content defect found","internal linking redistributed (this pass); flyingFromUS/businessTravel deduped where applicable (this pass)","awaiting Google crawl (technically indexable, in sitemap, linked)"
"https://www.businessflights.travel/destinations/asia/pakistan/islamabad","Discovered - currently not indexed","200","https://www.businessflights.travel/destinations/asia/pakistan/islamabad","4","2","no technical or content defect found","internal linking redistributed (this pass); flyingFromUS/businessTravel deduped where applicable (this pass)","awaiting Google crawl (technically indexable, in sitemap, linked)"
"https://www.businessflights.travel/destinations/asia/pakistan/karachi","Discovered - currently not indexed","200","https://www.businessflights.travel/destinations/asia/pakistan/karachi","4","2","no technical or content defect found","internal linking redistributed (this pass); flyingFromUS/businessTravel deduped where applicable (this pass)","awaiting Google crawl (technically indexable, in sitemap, linked)"
"https://www.businessflights.travel/destinations/asia/philippines/cebu","Discovered - currently not indexed","200","https://www.businessflights.travel/destinations/asia/philippines/cebu","7","2","no technical or content defect found","internal linking redistributed (this pass); flyingFromUS/businessTravel deduped where applicable (this pass)","awaiting Google crawl (technically indexable, in sitemap, linked)"
"https://www.businessflights.travel/destinations/asia/philippines/clark-angeles-city","Discovered - currently not indexed","200","https://www.businessflights.travel/destinations/asia/philippines/clark-angeles-city","6","2","no technical or content defect found","internal linking redistributed (this pass); flyingFromUS/businessTravel deduped where applicable (this pass)","awaiting Google crawl (technically indexable, in sitemap, linked)"
"https://www.businessflights.travel/destinations/asia/philippines/manila","Discovered - currently not indexed","200","https://www.businessflights.travel/destinations/asia/philippines/manila","5","2","no technical or content defect found","internal linking redistributed (this pass); flyingFromUS/businessTravel deduped where applicable (this pass)","awaiting Google crawl (technically indexable, in sitemap, linked)"
"https://www.businessflights.travel/destinations/asia/singapore/singapore","Discovered - currently not indexed","200","https://www.businessflights.travel/destinations/asia/singapore/singapore","217","1","no technical or content defect found","internal linking redistributed (this pass); flyingFromUS/businessTravel deduped where applicable (this pass)","awaiting Google crawl (technically indexable, in sitemap, linked)"
"https://www.businessflights.travel/destinations/asia/south-korea/busan","Discovered - currently not indexed","200","https://www.businessflights.travel/destinations/asia/south-korea/busan","6","2","no technical or content defect found","internal linking redistributed (this pass); flyingFromUS/businessTravel deduped where applicable (this pass)","awaiting Google crawl (technically indexable, in sitemap, linked)"
"https://www.businessflights.travel/destinations/asia/thailand/chiang-mai","Discovered - currently not indexed","200","https://www.businessflights.travel/destinations/asia/thailand/chiang-mai","6","2","no technical or content defect found","internal linking redistributed (this pass); flyingFromUS/businessTravel deduped where applicable (this pass)","awaiting Google crawl (technically indexable, in sitemap, linked)"
"https://www.businessflights.travel/destinations/asia/vietnam/da-nang","Discovered - currently not indexed","200","https://www.businessflights.travel/destinations/asia/vietnam/da-nang","6","2","no technical or content defect found","internal linking redistributed (this pass); flyingFromUS/businessTravel deduped where applicable (this pass)","awaiting Google crawl (technically indexable, in sitemap, linked)"
"https://www.businessflights.travel/destinations/asia/vietnam/hanoi","Discovered - currently not indexed","200","https://www.businessflights.travel/destinations/asia/vietnam/hanoi","6","2","no technical or content defect found","internal linking redistributed (this pass); flyingFromUS/businessTravel deduped where applicable (this pass)","awaiting Google crawl (technically indexable, in sitemap, linked)"
"https://www.businessflights.travel/destinations/europe/albania/tirana","Discovered - currently not indexed","200","https://www.businessflights.travel/destinations/europe/albania/tirana","3","2","no technical or content defect found","internal linking redistributed (this pass); flyingFromUS/businessTravel deduped where applicable (this pass)","awaiting Google crawl (technically indexable, in sitemap, linked)"
"https://www.businessflights.travel/destinations/europe/austria/salzburg","Discovered - currently not indexed","200","https://www.businessflights.travel/destinations/europe/austria/salzburg","5","2","no technical or content defect found","internal linking redistributed (this pass); flyingFromUS/businessTravel deduped where applicable (this pass)","awaiting Google crawl (technically indexable, in sitemap, linked)"
"https://www.businessflights.travel/destinations/europe/bosnia-and-herzegovina/sarajevo","Discovered - currently not indexed","200","https://www.businessflights.travel/destinations/europe/bosnia-and-herzegovina/sarajevo","5","2","no technical or content defect found","internal linking redistributed (this pass); flyingFromUS/businessTravel deduped where applicable (this pass)","awaiting Google crawl (technically indexable, in sitemap, linked)"
"https://www.businessflights.travel/destinations/europe/croatia/dubrovnik","Discovered - currently not indexed","200","https://www.businessflights.travel/destinations/europe/croatia/dubrovnik","7","2","no technical or content defect found","internal linking redistributed (this pass); flyingFromUS/businessTravel deduped where applicable (this pass)","awaiting Google crawl (technically indexable, in sitemap, linked)"
"https://www.businessflights.travel/destinations/europe/croatia/split","Discovered - currently not indexed","200","https://www.businessflights.travel/destinations/europe/croatia/split","5","2","no technical or content defect found","internal linking redistributed (this pass); flyingFromUS/businessTravel deduped where applicable (this pass)","awaiting Google crawl (technically indexable, in sitemap, linked)"
"https://www.businessflights.travel/destinations/europe/croatia/zagreb","Discovered - currently not indexed","200","https://www.businessflights.travel/destinations/europe/croatia/zagreb","5","2","no technical or content defect found","internal linking redistributed (this pass); flyingFromUS/businessTravel deduped where applicable (this pass)","awaiting Google crawl (technically indexable, in sitemap, linked)"
"https://www.businessflights.travel/destinations/europe/cyprus/larnaca","Discovered - currently not indexed","200","https://www.businessflights.travel/destinations/europe/cyprus/larnaca","5","2","no technical or content defect found","internal linking redistributed (this pass); flyingFromUS/businessTravel deduped where applicable (this pass)","awaiting Google crawl (technically indexable, in sitemap, linked)"
"https://www.businessflights.travel/destinations/europe/czech-republic/prague","Discovered - currently not indexed","200","https://www.businessflights.travel/destinations/europe/czech-republic/prague","5","2","no technical or content defect found","internal linking redistributed (this pass); flyingFromUS/businessTravel deduped where applicable (this pass)","awaiting Google crawl (technically indexable, in sitemap, linked)"
"https://www.businessflights.travel/destinations/europe/estonia/tallinn","Discovered - currently not indexed","200","https://www.businessflights.travel/destinations/europe/estonia/tallinn","4","2","no technical or content defect found","internal linking redistributed (this pass); flyingFromUS/businessTravel deduped where applicable (this pass)","awaiting Google crawl (technically indexable, in sitemap, linked)"
"https://www.businessflights.travel/destinations/europe/finland/helsinki","Discovered - currently not indexed","200","https://www.businessflights.travel/destinations/europe/finland/helsinki","5","2","no technical or content defect found","internal linking redistributed (this pass); flyingFromUS/businessTravel deduped where applicable (this pass)","awaiting Google crawl (technically indexable, in sitemap, linked)"
"https://www.businessflights.travel/destinations/europe/france/bordeaux","Discovered - currently not indexed","200","https://www.businessflights.travel/destinations/europe/france/bordeaux","7","2","no technical or content defect found","internal linking redistributed (this pass); flyingFromUS/businessTravel deduped where applicable (this pass)","awaiting Google crawl (technically indexable, in sitemap, linked)"
"https://www.businessflights.travel/destinations/europe/france/lyon","Discovered - currently not indexed","200","https://www.businessflights.travel/destinations/europe/france/lyon","6","2","no technical or content defect found","internal linking redistributed (this pass); flyingFromUS/businessTravel deduped where applicable (this pass)","awaiting Google crawl (technically indexable, in sitemap, linked)"
"https://www.businessflights.travel/destinations/europe/france/marseille","Discovered - currently not indexed","200","https://www.businessflights.travel/destinations/europe/france/marseille","5","2","no technical or content defect found","internal linking redistributed (this pass); flyingFromUS/businessTravel deduped where applicable (this pass)","awaiting Google crawl (technically indexable, in sitemap, linked)"
"https://www.businessflights.travel/destinations/europe/france/nantes","Discovered - currently not indexed","200","https://www.businessflights.travel/destinations/europe/france/nantes","5","2","no technical or content defect found","internal linking redistributed (this pass); flyingFromUS/businessTravel deduped where applicable (this pass)","awaiting Google crawl (technically indexable, in sitemap, linked)"
"https://www.businessflights.travel/destinations/europe/france/nice","Discovered - currently not indexed","200","https://www.businessflights.travel/destinations/europe/france/nice","5","2","no technical or content defect found","internal linking redistributed (this pass); flyingFromUS/businessTravel deduped where applicable (this pass)","awaiting Google crawl (technically indexable, in sitemap, linked)"
"https://www.businessflights.travel/destinations/europe/france/toulouse","Discovered - currently not indexed","200","https://www.businessflights.travel/destinations/europe/france/toulouse","5","2","no technical or content defect found","internal linking redistributed (this pass); flyingFromUS/businessTravel deduped where applicable (this pass)","awaiting Google crawl (technically indexable, in sitemap, linked)"
"https://www.businessflights.travel/destinations/europe/germany/berlin","Discovered - currently not indexed","200","https://www.businessflights.travel/destinations/europe/germany/berlin","7","2","no technical or content defect found","internal linking redistributed (this pass); flyingFromUS/businessTravel deduped where applicable (this pass)","awaiting Google crawl (technically indexable, in sitemap, linked)"
"https://www.businessflights.travel/destinations/europe/germany/dusseldorf","Discovered - currently not indexed","200","https://www.businessflights.travel/destinations/europe/germany/dusseldorf","6","2","no technical or content defect found","internal linking redistributed (this pass); flyingFromUS/businessTravel deduped where applicable (this pass)","awaiting Google crawl (technically indexable, in sitemap, linked)"
"https://www.businessflights.travel/destinations/europe/germany/frankfurt","Discovered - currently not indexed","200","https://www.businessflights.travel/destinations/europe/germany/frankfurt","3","2","no technical or content defect found","internal linking redistributed (this pass); flyingFromUS/businessTravel deduped where applicable (this pass)","awaiting Google crawl (technically indexable, in sitemap, linked)"
"https://www.businessflights.travel/destinations/europe/germany/hamburg","Discovered - currently not indexed","200","https://www.businessflights.travel/destinations/europe/germany/hamburg","4","2","no technical or content defect found","internal linking redistributed (this pass); flyingFromUS/businessTravel deduped where applicable (this pass)","awaiting Google crawl (technically indexable, in sitemap, linked)"
"https://www.businessflights.travel/destinations/europe/germany/hannover","Discovered - currently not indexed","200","https://www.businessflights.travel/destinations/europe/germany/hannover","5","2","no technical or content defect found","internal linking redistributed (this pass); flyingFromUS/businessTravel deduped where applicable (this pass)","awaiting Google crawl (technically indexable, in sitemap, linked)"
"https://www.businessflights.travel/destinations/europe/germany/munich","Discovered - currently not indexed","200","https://www.businessflights.travel/destinations/europe/germany/munich","5","2","no technical or content defect found","internal linking redistributed (this pass); flyingFromUS/businessTravel deduped where applicable (this pass)","awaiting Google crawl (technically indexable, in sitemap, linked)"
"https://www.businessflights.travel/destinations/europe/germany/stuttgart","Discovered - currently not indexed","200","https://www.businessflights.travel/destinations/europe/germany/stuttgart","5","2","no technical or content defect found","internal linking redistributed (this pass); flyingFromUS/businessTravel deduped where applicable (this pass)","awaiting Google crawl (technically indexable, in sitemap, linked)"
"https://www.businessflights.travel/destinations/europe/greece/corfu","Discovered - currently not indexed","200","https://www.businessflights.travel/destinations/europe/greece/corfu","7","2","no technical or content defect found","internal linking redistributed (this pass); flyingFromUS/businessTravel deduped where applicable (this pass)","awaiting Google crawl (technically indexable, in sitemap, linked)"
"https://www.businessflights.travel/destinations/europe/greece/heraklion","Discovered - currently not indexed","200","https://www.businessflights.travel/destinations/europe/greece/heraklion","6","2","no technical or content defect found","internal linking redistributed (this pass); flyingFromUS/businessTravel deduped where applicable (this pass)","awaiting Google crawl (technically indexable, in sitemap, linked)"
"https://www.businessflights.travel/destinations/europe/greece/mykonos","Discovered - currently not indexed","200","https://www.businessflights.travel/destinations/europe/greece/mykonos","3","2","no technical or content defect found","internal linking redistributed (this pass); flyingFromUS/businessTravel deduped where applicable (this pass)","awaiting Google crawl (technically indexable, in sitemap, linked)"
"https://www.businessflights.travel/destinations/europe/greece/rhodes","Discovered - currently not indexed","200","https://www.businessflights.travel/destinations/europe/greece/rhodes","4","2","no technical or content defect found","internal linking redistributed (this pass); flyingFromUS/businessTravel deduped where applicable (this pass)","awaiting Google crawl (technically indexable, in sitemap, linked)"
"https://www.businessflights.travel/destinations/europe/greece/santorini","Discovered - currently not indexed","200","https://www.businessflights.travel/destinations/europe/greece/santorini","5","2","no technical or content defect found","internal linking redistributed (this pass); flyingFromUS/businessTravel deduped where applicable (this pass)","awaiting Google crawl (technically indexable, in sitemap, linked)"
"https://www.businessflights.travel/destinations/europe/greece/thessaloniki","Discovered - currently not indexed","200","https://www.businessflights.travel/destinations/europe/greece/thessaloniki","5","2","no technical or content defect found","internal linking redistributed (this pass); flyingFromUS/businessTravel deduped where applicable (this pass)","awaiting Google crawl (technically indexable, in sitemap, linked)"
"https://www.businessflights.travel/destinations/europe/hungary/budapest","Discovered - currently not indexed","200","https://www.businessflights.travel/destinations/europe/hungary/budapest","5","2","no technical or content defect found","internal linking redistributed (this pass); flyingFromUS/businessTravel deduped where applicable (this pass)","awaiting Google crawl (technically indexable, in sitemap, linked)"
"https://www.businessflights.travel/destinations/europe/italy/bari","Discovered - currently not indexed","200","https://www.businessflights.travel/destinations/europe/italy/bari","7","2","no technical or content defect found","internal linking redistributed (this pass); flyingFromUS/businessTravel deduped where applicable (this pass)","awaiting Google crawl (technically indexable, in sitemap, linked)"
"https://www.businessflights.travel/destinations/europe/italy/bologna","Discovered - currently not indexed","200","https://www.businessflights.travel/destinations/europe/italy/bologna","4","2","no technical or content defect found","internal linking redistributed (this pass); flyingFromUS/businessTravel deduped where applicable (this pass)","awaiting Google crawl (technically indexable, in sitemap, linked)"
"https://www.businessflights.travel/destinations/europe/italy/catania","Discovered - currently not indexed","200","https://www.businessflights.travel/destinations/europe/italy/catania","4","2","no technical or content defect found","internal linking redistributed (this pass); flyingFromUS/businessTravel deduped where applicable (this pass)","awaiting Google crawl (technically indexable, in sitemap, linked)"
"https://www.businessflights.travel/destinations/europe/italy/florence","Discovered - currently not indexed","200","https://www.businessflights.travel/destinations/europe/italy/florence","5","2","no technical or content defect found","internal linking redistributed (this pass); flyingFromUS/businessTravel deduped where applicable (this pass)","awaiting Google crawl (technically indexable, in sitemap, linked)"
"https://www.businessflights.travel/destinations/europe/italy/genoa","Discovered - currently not indexed","200","https://www.businessflights.travel/destinations/europe/italy/genoa","5","2","no technical or content defect found","internal linking redistributed (this pass); flyingFromUS/businessTravel deduped where applicable (this pass)","awaiting Google crawl (technically indexable, in sitemap, linked)"
"https://www.businessflights.travel/destinations/europe/italy/naples","Discovered - currently not indexed","200","https://www.businessflights.travel/destinations/europe/italy/naples","5","2","no technical or content defect found","internal linking redistributed (this pass); flyingFromUS/businessTravel deduped where applicable (this pass)","awaiting Google crawl (technically indexable, in sitemap, linked)"
"https://www.businessflights.travel/destinations/europe/italy/palermo","Discovered - currently not indexed","200","https://www.businessflights.travel/destinations/europe/italy/palermo","5","2","no technical or content defect found","internal linking redistributed (this pass); flyingFromUS/businessTravel deduped where applicable (this pass)","awaiting Google crawl (technically indexable, in sitemap, linked)"
"https://www.businessflights.travel/destinations/europe/italy/trieste","Discovered - currently not indexed","200","https://www.businessflights.travel/destinations/europe/italy/trieste","5","2","no technical or content defect found","internal linking redistributed (this pass); flyingFromUS/businessTravel deduped where applicable (this pass)","awaiting Google crawl (technically indexable, in sitemap, linked)"
"https://www.businessflights.travel/destinations/europe/italy/venice","Discovered - currently not indexed","200","https://www.businessflights.travel/destinations/europe/italy/venice","5","2","no technical or content defect found","internal linking redistributed (this pass); flyingFromUS/businessTravel deduped where applicable (this pass)","awaiting Google crawl (technically indexable, in sitemap, linked)"
"https://www.businessflights.travel/destinations/europe/kosovo/pristina","Discovered - currently not indexed","200","https://www.businessflights.travel/destinations/europe/kosovo/pristina","5","2","no technical or content defect found","internal linking redistributed (this pass); flyingFromUS/businessTravel deduped where applicable (this pass)","awaiting Google crawl (technically indexable, in sitemap, linked)"
"https://www.businessflights.travel/destinations/europe/latvia/riga","Discovered - currently not indexed","200","https://www.businessflights.travel/destinations/europe/latvia/riga","5","2","no technical or content defect found","internal linking redistributed (this pass); flyingFromUS/businessTravel deduped where applicable (this pass)","awaiting Google crawl (technically indexable, in sitemap, linked)"
"https://www.businessflights.travel/destinations/europe/luxembourg/luxembourg-city","Discovered - currently not indexed","200","https://www.businessflights.travel/destinations/europe/luxembourg/luxembourg-city","3","2","no technical or content defect found","internal linking redistributed (this pass); flyingFromUS/businessTravel deduped where applicable (this pass)","awaiting Google crawl (technically indexable, in sitemap, linked)"
"https://www.businessflights.travel/destinations/europe/malta/valletta","Discovered - currently not indexed","200","https://www.businessflights.travel/destinations/europe/malta/valletta","4","2","no technical or content defect found","internal linking redistributed (this pass); flyingFromUS/businessTravel deduped where applicable (this pass)","awaiting Google crawl (technically indexable, in sitemap, linked)"
"https://www.businessflights.travel/destinations/europe/moldova/chisinau","Discovered - currently not indexed","200","https://www.businessflights.travel/destinations/europe/moldova/chisinau","6","2","no technical or content defect found","internal linking redistributed (this pass); flyingFromUS/businessTravel deduped where applicable (this pass)","awaiting Google crawl (technically indexable, in sitemap, linked)"
"https://www.businessflights.travel/destinations/europe/netherlands/rotterdam","Discovered - currently not indexed","200","https://www.businessflights.travel/destinations/europe/netherlands/rotterdam","5","2","no technical or content defect found","internal linking redistributed (this pass); flyingFromUS/businessTravel deduped where applicable (this pass)","awaiting Google crawl (technically indexable, in sitemap, linked)"
"https://www.businessflights.travel/destinations/europe/north-macedonia/skopje","Discovered - currently not indexed","200","https://www.businessflights.travel/destinations/europe/north-macedonia/skopje","5","2","no technical or content defect found","internal linking redistributed (this pass); flyingFromUS/businessTravel deduped where applicable (this pass)","awaiting Google crawl (technically indexable, in sitemap, linked)"
"https://www.businessflights.travel/destinations/europe/norway/oslo","Discovered - currently not indexed","200","https://www.businessflights.travel/destinations/europe/norway/oslo","6","2","no technical or content defect found","internal linking redistributed (this pass); flyingFromUS/businessTravel deduped where applicable (this pass)","awaiting Google crawl (technically indexable, in sitemap, linked)"
"https://www.businessflights.travel/destinations/europe/norway/tromso","Discovered - currently not indexed","200","https://www.businessflights.travel/destinations/europe/norway/tromso","5","2","no technical or content defect found","internal linking redistributed (this pass); flyingFromUS/businessTravel deduped where applicable (this pass)","awaiting Google crawl (technically indexable, in sitemap, linked)"
"https://www.businessflights.travel/destinations/europe/poland/krakow","Discovered - currently not indexed","200","https://www.businessflights.travel/destinations/europe/poland/krakow","6","2","no technical or content defect found","internal linking redistributed (this pass); flyingFromUS/businessTravel deduped where applicable (this pass)","awaiting Google crawl (technically indexable, in sitemap, linked)"
"https://www.businessflights.travel/destinations/europe/poland/warsaw","Discovered - currently not indexed","200","https://www.businessflights.travel/destinations/europe/poland/warsaw","6","2","no technical or content defect found","internal linking redistributed (this pass); flyingFromUS/businessTravel deduped where applicable (this pass)","awaiting Google crawl (technically indexable, in sitemap, linked)"
"https://www.businessflights.travel/destinations/europe/poland/wroclaw","Discovered - currently not indexed","200","https://www.businessflights.travel/destinations/europe/poland/wroclaw","5","2","no technical or content defect found","internal linking redistributed (this pass); flyingFromUS/businessTravel deduped where applicable (this pass)","awaiting Google crawl (technically indexable, in sitemap, linked)"
"https://www.businessflights.travel/destinations/europe/portugal/faro","Discovered - currently not indexed","200","https://www.businessflights.travel/destinations/europe/portugal/faro","6","2","no technical or content defect found","internal linking redistributed (this pass); flyingFromUS/businessTravel deduped where applicable (this pass)","awaiting Google crawl (technically indexable, in sitemap, linked)"
"https://www.businessflights.travel/destinations/europe/portugal/lisbon","Discovered - currently not indexed","200","https://www.businessflights.travel/destinations/europe/portugal/lisbon","6","2","no technical or content defect found","internal linking redistributed (this pass); flyingFromUS/businessTravel deduped where applicable (this pass)","awaiting Google crawl (technically indexable, in sitemap, linked)"
"https://www.businessflights.travel/destinations/europe/portugal/porto","Discovered - currently not indexed","200","https://www.businessflights.travel/destinations/europe/portugal/porto","3","2","no technical or content defect found","internal linking redistributed (this pass); flyingFromUS/businessTravel deduped where applicable (this pass)","awaiting Google crawl (technically indexable, in sitemap, linked)"
"https://www.businessflights.travel/destinations/europe/romania/bucharest","Discovered - currently not indexed","200","https://www.businessflights.travel/destinations/europe/romania/bucharest","6","2","no technical or content defect found","internal linking redistributed (this pass); flyingFromUS/businessTravel deduped where applicable (this pass)","awaiting Google crawl (technically indexable, in sitemap, linked)"
"https://www.businessflights.travel/destinations/europe/romania/cluj-napoca","Discovered - currently not indexed","200","https://www.businessflights.travel/destinations/europe/romania/cluj-napoca","6","2","no technical or content defect found","internal linking redistributed (this pass); flyingFromUS/businessTravel deduped where applicable (this pass)","awaiting Google crawl (technically indexable, in sitemap, linked)"
"https://www.businessflights.travel/destinations/europe/romania/timisoara","Discovered - currently not indexed","200","https://www.businessflights.travel/destinations/europe/romania/timisoara","3","2","no technical or content defect found","internal linking redistributed (this pass); flyingFromUS/businessTravel deduped where applicable (this pass)","awaiting Google crawl (technically indexable, in sitemap, linked)"
"https://www.businessflights.travel/destinations/europe/russia/saint-petersburg","Discovered - currently not indexed","200","https://www.businessflights.travel/destinations/europe/russia/saint-petersburg","5","2","no technical or content defect found","internal linking redistributed (this pass); flyingFromUS/businessTravel deduped where applicable (this pass)","awaiting Google crawl (technically indexable, in sitemap, linked)"
"https://www.businessflights.travel/destinations/europe/serbia/belgrade","Discovered - currently not indexed","200","https://www.businessflights.travel/destinations/europe/serbia/belgrade","3","2","no technical or content defect found","internal linking redistributed (this pass); flyingFromUS/businessTravel deduped where applicable (this pass)","awaiting Google crawl (technically indexable, in sitemap, linked)"
"https://www.businessflights.travel/destinations/europe/slovakia/bratislava","Discovered - currently not indexed","200","https://www.businessflights.travel/destinations/europe/slovakia/bratislava","4","2","no technical or content defect found","internal linking redistributed (this pass); flyingFromUS/businessTravel deduped where applicable (this pass)","awaiting Google crawl (technically indexable, in sitemap, linked)"
"https://www.businessflights.travel/destinations/europe/spain/bilbao","Discovered - currently not indexed","200","https://www.businessflights.travel/destinations/europe/spain/bilbao","5","2","no technical or content defect found","internal linking redistributed (this pass); flyingFromUS/businessTravel deduped where applicable (this pass)","awaiting Google crawl (technically indexable, in sitemap, linked)"
"https://www.businessflights.travel/destinations/europe/spain/gran-canaria","Discovered - currently not indexed","200","https://www.businessflights.travel/destinations/europe/spain/gran-canaria","5","2","no technical or content defect found","internal linking redistributed (this pass); flyingFromUS/businessTravel deduped where applicable (this pass)","awaiting Google crawl (technically indexable, in sitemap, linked)"
"https://www.businessflights.travel/destinations/europe/spain/malaga","Discovered - currently not indexed","200","https://www.businessflights.travel/destinations/europe/spain/malaga","5","2","no technical or content defect found","internal linking redistributed (this pass); flyingFromUS/businessTravel deduped where applicable (this pass)","awaiting Google crawl (technically indexable, in sitemap, linked)"
"https://www.businessflights.travel/destinations/europe/spain/palma-de-mallorca","Discovered - currently not indexed","200","https://www.businessflights.travel/destinations/europe/spain/palma-de-mallorca","5","2","no technical or content defect found","internal linking redistributed (this pass); flyingFromUS/businessTravel deduped where applicable (this pass)","awaiting Google crawl (technically indexable, in sitemap, linked)"
"https://www.businessflights.travel/destinations/europe/spain/seville","Discovered - currently not indexed","200","https://www.businessflights.travel/destinations/europe/spain/seville","5","2","no technical or content defect found","internal linking redistributed (this pass); flyingFromUS/businessTravel deduped where applicable (this pass)","awaiting Google crawl (technically indexable, in sitemap, linked)"
"https://www.businessflights.travel/destinations/europe/spain/tenerife","Discovered - currently not indexed","200","https://www.businessflights.travel/destinations/europe/spain/tenerife","5","2","no technical or content defect found","internal linking redistributed (this pass); flyingFromUS/businessTravel deduped where applicable (this pass)","awaiting Google crawl (technically indexable, in sitemap, linked)"
"https://www.businessflights.travel/destinations/europe/spain/valencia","Discovered - currently not indexed","200","https://www.businessflights.travel/destinations/europe/spain/valencia","5","2","no technical or content defect found","internal linking redistributed (this pass); flyingFromUS/businessTravel deduped where applicable (this pass)","awaiting Google crawl (technically indexable, in sitemap, linked)"
"https://www.businessflights.travel/destinations/europe/sweden/gothenburg","Discovered - currently not indexed","200","https://www.businessflights.travel/destinations/europe/sweden/gothenburg","6","2","no technical or content defect found","internal linking redistributed (this pass); flyingFromUS/businessTravel deduped where applicable (this pass)","awaiting Google crawl (technically indexable, in sitemap, linked)"
"https://www.businessflights.travel/destinations/europe/switzerland/basel","Discovered - currently not indexed","200","https://www.businessflights.travel/destinations/europe/switzerland/basel","5","2","no technical or content defect found","internal linking redistributed (this pass); flyingFromUS/businessTravel deduped where applicable (this pass)","awaiting Google crawl (technically indexable, in sitemap, linked)"
"https://www.businessflights.travel/destinations/europe/switzerland/geneva","Discovered - currently not indexed","200","https://www.businessflights.travel/destinations/europe/switzerland/geneva","5","2","no technical or content defect found","internal linking redistributed (this pass); flyingFromUS/businessTravel deduped where applicable (this pass)","awaiting Google crawl (technically indexable, in sitemap, linked)"
"https://www.businessflights.travel/destinations/europe/switzerland/zurich","Discovered - currently not indexed","200","https://www.businessflights.travel/destinations/europe/switzerland/zurich","5","2","no technical or content defect found","internal linking redistributed (this pass); flyingFromUS/businessTravel deduped where applicable (this pass)","awaiting Google crawl (technically indexable, in sitemap, linked)"
"https://www.businessflights.travel/destinations/europe/turkey/ankara","Discovered - currently not indexed","200","https://www.businessflights.travel/destinations/europe/turkey/ankara","6","2","no technical or content defect found","internal linking redistributed (this pass); flyingFromUS/businessTravel deduped where applicable (this pass)","awaiting Google crawl (technically indexable, in sitemap, linked)"
"https://www.businessflights.travel/destinations/europe/turkey/antalya","Discovered - currently not indexed","200","https://www.businessflights.travel/destinations/europe/turkey/antalya","6","2","no technical or content defect found","internal linking redistributed (this pass); flyingFromUS/businessTravel deduped where applicable (this pass)","awaiting Google crawl (technically indexable, in sitemap, linked)"
"https://www.businessflights.travel/destinations/europe/turkey/trabzon","Discovered - currently not indexed","200","https://www.businessflights.travel/destinations/europe/turkey/trabzon","4","2","no technical or content defect found","internal linking redistributed (this pass); flyingFromUS/businessTravel deduped where applicable (this pass)","awaiting Google crawl (technically indexable, in sitemap, linked)"
"https://www.businessflights.travel/destinations/europe/united-kingdom/edinburgh","Discovered - currently not indexed","200","https://www.businessflights.travel/destinations/europe/united-kingdom/edinburgh","6","2","no technical or content defect found","internal linking redistributed (this pass); flyingFromUS/businessTravel deduped where applicable (this pass)","awaiting Google crawl (technically indexable, in sitemap, linked)"
"https://www.businessflights.travel/destinations/europe/united-kingdom/london","Discovered - currently not indexed","200","https://www.businessflights.travel/destinations/europe/united-kingdom/london","217","1","no technical or content defect found","internal linking redistributed (this pass); flyingFromUS/businessTravel deduped where applicable (this pass)","awaiting Google crawl (technically indexable, in sitemap, linked)"
"https://www.businessflights.travel/destinations/middle-east/armenia/yerevan","Discovered - currently not indexed","200","https://www.businessflights.travel/destinations/middle-east/armenia/yerevan","5","2","no technical or content defect found","internal linking redistributed (this pass); flyingFromUS/businessTravel deduped where applicable (this pass)","awaiting Google crawl (technically indexable, in sitemap, linked)"
"https://www.businessflights.travel/destinations/middle-east/azerbaijan/baku","Discovered - currently not indexed","200","https://www.businessflights.travel/destinations/middle-east/azerbaijan/baku","4","2","no technical or content defect found","internal linking redistributed (this pass); flyingFromUS/businessTravel deduped where applicable (this pass)","awaiting Google crawl (technically indexable, in sitemap, linked)"
"https://www.businessflights.travel/destinations/middle-east/georgia/batumi","Discovered - currently not indexed","200","https://www.businessflights.travel/destinations/middle-east/georgia/batumi","5","2","no technical or content defect found","internal linking redistributed (this pass); flyingFromUS/businessTravel deduped where applicable (this pass)","awaiting Google crawl (technically indexable, in sitemap, linked)"
"https://www.businessflights.travel/destinations/middle-east/georgia/tbilisi","Discovered - currently not indexed","200","https://www.businessflights.travel/destinations/middle-east/georgia/tbilisi","5","2","no technical or content defect found","internal linking redistributed (this pass); flyingFromUS/businessTravel deduped where applicable (this pass)","awaiting Google crawl (technically indexable, in sitemap, linked)"
"https://www.businessflights.travel/destinations/middle-east/jordan/amman","Discovered - currently not indexed","200","https://www.businessflights.travel/destinations/middle-east/jordan/amman","5","2","no technical or content defect found","internal linking redistributed (this pass); flyingFromUS/businessTravel deduped where applicable (this pass)","awaiting Google crawl (technically indexable, in sitemap, linked)"
"https://www.businessflights.travel/destinations/middle-east/kuwait/kuwait-city","Discovered - currently not indexed","200","https://www.businessflights.travel/destinations/middle-east/kuwait/kuwait-city","5","2","no technical or content defect found","internal linking redistributed (this pass); flyingFromUS/businessTravel deduped where applicable (this pass)","awaiting Google crawl (technically indexable, in sitemap, linked)"
"https://www.businessflights.travel/destinations/middle-east/lebanon/beirut","Discovered - currently not indexed","200","https://www.businessflights.travel/destinations/middle-east/lebanon/beirut","5","2","no technical or content defect found","internal linking redistributed (this pass); flyingFromUS/businessTravel deduped where applicable (this pass)","awaiting Google crawl (technically indexable, in sitemap, linked)"
"https://www.businessflights.travel/destinations/oceania/australia/adelaide","Discovered - currently not indexed","200","https://www.businessflights.travel/destinations/oceania/australia/adelaide","7","2","no technical or content defect found","internal linking redistributed (this pass); flyingFromUS/businessTravel deduped where applicable (this pass)","awaiting Google crawl (technically indexable, in sitemap, linked)"
"https://www.businessflights.travel/destinations/oceania/new-zealand/queenstown","Discovered - currently not indexed","200","https://www.businessflights.travel/destinations/oceania/new-zealand/queenstown","4","2","no technical or content defect found","internal linking redistributed (this pass); flyingFromUS/businessTravel deduped where applicable (this pass)","awaiting Google crawl (technically indexable, in sitemap, linked)"
"https://www.businessflights.travel/blog/united-polaris-vs-american-flagship-business","Named in task but not a real route","404","","","","n/a","none - not fabricated","URL never existed in this repository's history; likely a transcription error in the supplied GSC list, not a site defect"
"https://www.businessflights.travel/blog/qatar-qsuite-vs-emirates-business-class","Named in task but not a real route","404","","","","n/a","none - not fabricated","URL never existed in this repository's history; likely a transcription error in the supplied GSC list, not a site defect"
